date,price,greedCoef
24-10-2018,6470.63,23
25-10-2018,6470.63,25
26-10-2018,6476.52,29
27-10-2018,6462.77,33
28-10-2018,6457.21,35
29-10-2018,6470.17,34
30-10-2018,6470.74,31
31-10-2018,6314.38,32
01-11-2018,6309.11,29
02-11-2018,6342.81,36
03-11-2018,6381.3,36
04-11-2018,6394.65,41
05-11-2018,6376.55,42
06-11-2018,6467.05,42
07-11-2018,6433.53,48
08-11-2018,6479.72,51
09-11-2018,6530.94,47
10-11-2018,6446.06,52
11-11-2018,6377.99,54
12-11-2018,6396.39,52
13-11-2018,6408.18,56
14-11-2018,6375.08,49
15-11-2018,6339.17,28
16-11-2018,5740.51,23
17-11-2018,5647.5,24
18-11-2018,5586.97,26
19-11-2018,5567.95,28
20-11-2018,5615.26,21
21-11-2018,4809.62,15
22-11-2018,4441.81,14
23-11-2018,4593.04,12
24-11-2018,4320.68,15
25-11-2018,4343.42,9
26-11-2018,3854.11,17
27-11-2018,4004.46,11
28-11-2018,3784.77,14
29-11-2018,3822.99,18
30-11-2018,4263.52,19
01-12-2018,4286.85,13
02-12-2018,4009.67,15
03-12-2018,4197.7,17
04-12-2018,4143.86,12
05-12-2018,3871.41,19
06-12-2018,3948.44,13
07-12-2018,3737.53,11
08-12-2018,3485.18,11
09-12-2018,3420.57,14
10-12-2018,3461.07,19
11-12-2018,3592.84,15
12-12-2018,3467.16,14
13-12-2018,3401.02,14
14-12-2018,3485.59,10
15-12-2018,3305.11,11
16-12-2018,3235.48,13
17-12-2018,3232.51,17
18-12-2018,3255.37,23
19-12-2018,3548.19,21
20-12-2018,3715.85,27
21-12-2018,3736.54,35
22-12-2018,4137.66,28
23-12-2018,3898.81,31
24-12-2018,4045.24,25
25-12-2018,4007.63,33
26-12-2018,4081.95,26
27-12-2018,3834.73,29
28-12-2018,3848.78,21
29-12-2018,3646.09,24
30-12-2018,3947.86,23
31-12-2018,3797.06,26
01-01-2019,3896.21,24
02-01-2019,3747.39,30
03-01-2019,3880.15,33
04-01-2019,3961.01,48
05-01-2019,3835.86,36
06-01-2019,3874.06,31
07-01-2019,3855.39,39
08-01-2019,4102.85,39
09-01-2019,4050.4,42
10-01-2019,4040.75,37
11-01-2019,4048.34,19
12-01-2019,3668.15,22
13-01-2019,3669.2,21
14-01-2019,3664.38,16
15-01-2019,3551.24,27
16-01-2019,3703.9,24
17-01-2019,3621.24,28
18-01-2019,3643.99,29
19-01-2019,3685.3,31
20-01-2019,3648.05,35
21-01-2019,3729.78,30
22-01-2019,3567.73,27
23-01-2019,3571.92,33
24-01-2019,3602.04,37
25-01-2019,3572.05,35
26-01-2019,3598.52,41
27-01-2019,3582.89,39
28-01-2019,3596.5,35
29-01-2019,3565.08,21
30-01-2019,3453.42,22
31-01-2019,3418.25,17
01-02-2019,3467.21,23
02-02-2019,3434.13,22
03-02-2019,3461.63,19
04-02-2019,3508.68,27
05-02-2019,3449.62,21
06-02-2019,3431.24,14
07-02-2019,3447.66,18
08-02-2019,3394.89,37
09-02-2019,3375.33,42
10-02-2019,3660.03,40
11-02-2019,3652.26,46
12-02-2019,3685.14,38
13-02-2019,3611.34,48
14-02-2019,3617.41,48
15-02-2019,3605.87,43
16-02-2019,3588.72,43
17-02-2019,3593.49,38
18-02-2019,3617.24,63
19-02-2019,3670.92,65
20-02-2019,3912.57,59
21-02-2019,3924.24,59
22-02-2019,3974.05,61
23-02-2019,3937.04,63
24-02-2019,3983.53,69
25-02-2019,4149.09,47
26-02-2019,3771.62,40
27-02-2019,3845.51,39
28-02-2019,3817.88,39
01-03-2019,3830.72,42
02-03-2019,3823.37,41
03-03-2019,3831.48,44
04-03-2019,3842.94,36
05-03-2019,3812.31,35
06-03-2019,3731.28,42
07-03-2019,3874.18,56
08-03-2019,3874.98,54
09-03-2019,3882.61,55
10-03-2019,3868.02,55
11-03-2019,3947.74,56
12-03-2019,3929.84,56
13-03-2019,3874.89,54
14-03-2019,3888.57,55
15-03-2019,3878.44,55
16-03-2019,3881.44,54
17-03-2019,3927.08,58
18-03-2019,4027.01,56
19-03-2019,3998,56
20-03-2019,3988.85,55
21-03-2019,4024.14,62
22-03-2019,4056.75,56
23-03-2019,3996.93,50
24-03-2019,4000.84,44
25-03-2019,4007.21,46
26-03-2019,3994.11,43
27-03-2019,3924.55,44
28-03-2019,3942.22,49
29-03-2019,4045.98,50
30-03-2019,4036.45,57
31-03-2019,4111.38,56
01-04-2019,4118.13,62
02-04-2019,4112.69,60
03-04-2019,4151.32,71
04-04-2019,4906.93,61
05-04-2019,4976.59,59
06-04-2019,4913.36,65
07-04-2019,5047.23,69
08-04-2019,5057.25,65
09-04-2019,5201.16,64
10-04-2019,5294.09,62
11-04-2019,5201.3,65
12-04-2019,5318.6,42
13-04-2019,5048.56,62
14-04-2019,5081.5,51
15-04-2019,5080.66,60
16-04-2019,5165.59,50
17-04-2019,5037.27,61
18-04-2019,5212.81,64
19-04-2019,5236.26,61
20-04-2019,5289.75,62
21-04-2019,5295.53,62
22-04-2019,5326.18,61
23-04-2019,5305.74,68
24-04-2019,5394.67,65
25-04-2019,5539.1,58
26-04-2019,5454.58,41
27-04-2019,5162.67,42
28-04-2019,5234.09,40
29-04-2019,5233.47,42
30-04-2019,5272.45,42
01-05-2019,5237.96,51
02-05-2019,5350.64,50
03-05-2019,5389.54,63
04-05-2019,5500.72,66
05-05-2019,5753.38,67
06-05-2019,5840.08,57
07-05-2019,5794.14,69
08-05-2019,5748.17,63
09-05-2019,5819.57,69
10-05-2019,5998.71,71
11-05-2019,6171.96,76
12-05-2019,6358.29,75
13-05-2019,7191.36,78
14-05-2019,6977.63,78
15-05-2019,7806.36,77
16-05-2019,7980.13,75
17-05-2019,8183.83,65
18-05-2019,7874.11,67
19-05-2019,7371.96,70
20-05-2019,7266.08,73
21-05-2019,8193.14,68
22-05-2019,7998.29,69
23-05-2019,7947.93,65
24-05-2019,7626.89,64
25-05-2019,7876.5,69
26-05-2019,7996.4,67
27-05-2019,8059.13,70
28-05-2019,8726.23,71
29-05-2019,8785.17,71
30-05-2019,8718.85,73
31-05-2019,8664.56,61
01-06-2019,8276.25,62
02-06-2019,8550.67,63
03-06-2019,8555.87,66
04-06-2019,8737.91,42
05-06-2019,8114.49,27
06-06-2019,7677.47,34
07-06-2019,7791.29,27
08-06-2019,7807.36,62
09-06-2019,8002.63,62
10-06-2019,7933.78,46
11-06-2019,7643.44,61
12-06-2019,8021,60
13-06-2019,7917.32,63
14-06-2019,8174.14,67
15-06-2019,8235.57,75
16-06-2019,8693.96,80
17-06-2019,8853.56,84
18-06-2019,8979.18,83
19-06-2019,9336.01,82
20-06-2019,9081.71,81
21-06-2019,9280.54,84
22-06-2019,9536.85,83
23-06-2019,10218.87,84
24-06-2019,10689.54,80
25-06-2019,10855.99,87
26-06-2019,11035.74,95
27-06-2019,11740.34,92
28-06-2019,12913.28,62
29-06-2019,11154.09,74
30-06-2019,12355.06,78
01-07-2019,11884.1,65
02-07-2019,10769.05,63
03-07-2019,10591.87,79
04-07-2019,10844.13,76
05-07-2019,11981.61,67
06-07-2019,11156.52,72
07-07-2019,10993.25,67
08-07-2019,11248.94,74
09-07-2019,11474.28,84
10-07-2019,12296.16,83
11-07-2019,12567.02,62
12-07-2019,12099.12,33
13-07-2019,11343.12,65
14-07-2019,11797.37,61
15-07-2019,11363.97,16
16-07-2019,10204.41,34
17-07-2019,10850.26,19
18-07-2019,9423.44,40
19-07-2019,9696.15,42
20-07-2019,10638.35,34
21-07-2019,10532.94,42
22-07-2019,10759.42,42
23-07-2019,10586.71,40
24-07-2019,10325.87,20
25-07-2019,9854.15,42
26-07-2019,9772.14,24
27-07-2019,9882.43,47
28-07-2019,9847.45,16
29-07-2019,9478.32,19
30-07-2019,9531.77,22
31-07-2019,9506.93,31
01-08-2019,9595.52,57
02-08-2019,10089.25,61
03-08-2019,10409.79,61
04-08-2019,10528.99,62
05-08-2019,10820.41,64
06-08-2019,10978.91,66
07-08-2019,11807.96,45
08-08-2019,11467.1,61
09-08-2019,11974.28,60
10-08-2019,11982.8,59
11-08-2019,11865.21,45
12-08-2019,11293.59,48
13-08-2019,11549.06,45
14-08-2019,11387.41,11
15-08-2019,10872,13
16-08-2019,10031.89,31
17-08-2019,10308.51,20
18-08-2019,10360.43,14
19-08-2019,10220.75,30
20-08-2019,10326.25,39
21-08-2019,10922.16,11
22-08-2019,10770.76,5
23-08-2019,10131.67,33
24-08-2019,10104.11,39
25-08-2019,10410.49,33
26-08-2019,10150.07,41
27-08-2019,10141.75,30
28-08-2019,10364.91,32
29-08-2019,10175.47,20
30-08-2019,9722.83,24
31-08-2019,9492.81,20
01-09-2019,9587.25,24
02-09-2019,9624.54,28
03-09-2019,9768.36,41
04-09-2019,10387.5,43
05-09-2019,10625.1,41
06-09-2019,10585.2,43
07-09-2019,10556.16,39
08-09-2019,10309.91,43
09-09-2019,10491.96,41
10-09-2019,10420.88,41
11-09-2019,10314.88,38
12-09-2019,10109.46,39
13-09-2019,10165.01,38
14-09-2019,10428.96,39
15-09-2019,10372.29,38
16-09-2019,10365.56,38
17-09-2019,10313.02,41
18-09-2019,10271.79,38
19-09-2019,10198.62,31
20-09-2019,10163.38,41
21-09-2019,10281.03,37
22-09-2019,10176.38,37
23-09-2019,9988.38,41
24-09-2019,10036.98,39
25-09-2019,9694.6,15
26-09-2019,8542.54,12
27-09-2019,8446.97,24
28-09-2019,8074.99,32
29-09-2019,8201.36,33
30-09-2019,8223.65,27
01-10-2019,8065.26,38
02-10-2019,8314.62,39
03-10-2019,8326.64,37
04-10-2019,8391.52,30
05-10-2019,8246.3,31
06-10-2019,8168.05,32
07-10-2019,8172.48,27
08-10-2019,7868.31,39
09-10-2019,8215.11,37
10-10-2019,8191.87,41
11-10-2019,8593.16,39
12-10-2019,8596.57,38
13-10-2019,8278.05,38
14-10-2019,8316.66,37
15-10-2019,8296.34,39
16-10-2019,8363.94,40
17-10-2019,8173.48,40
18-10-2019,8014.39,40
19-10-2019,8082.46,41
20-10-2019,7972.62,37
21-10-2019,7973.63,37
22-10-2019,8247.25,39
23-10-2019,8223.25,33
24-10-2019,8034.5,20
25-10-2019,7479.54,24
26-10-2019,7444.2,53
27-10-2019,8671.1,50
28-10-2019,9258.98,52
29-10-2019,9550.6,54
30-10-2019,9222.23,53
31-10-2019,9432.86,50
01-11-2019,9169.86,49
02-11-2019,9157.52,51
03-11-2019,9260.59,56
04-11-2019,9311.99,49
05-11-2019,9221.61,54
06-11-2019,9421.54,53
07-11-2019,9323.61,54
08-11-2019,9347.27,42
09-11-2019,9208.52,38
10-11-2019,8772.31,39
11-11-2019,8822.19,40
12-11-2019,9045.85,39
13-11-2019,8726.31,38
14-11-2019,8815.14,41
15-11-2019,8773.82,38
16-11-2019,8640.42,41
17-11-2019,8468.57,38
18-11-2019,8498.94,38
19-11-2019,8515.28,32
20-11-2019,8190.16,32
21-11-2019,8133.57,30
22-11-2019,8093.6,20
23-11-2019,7632.59,23
24-11-2019,7292.2,21
25-11-2019,7339.24,17
26-11-2019,6930.09,21
27-11-2019,7138.23,20
28-11-2019,7170.11,32
29-11-2019,7531.5,31
30-11-2019,7442.33,38
01-12-2019,7769.38,25
02-12-2019,7571.77,28
03-12-2019,7420.53,28
04-12-2019,7320.94,24
05-12-2019,7313.64,21
06-12-2019,7207.78,29
07-12-2019,7406.75,32
08-12-2019,7558.58,28
09-12-2019,7514.86,32
10-12-2019,7539.7,26
11-12-2019,7350.62,20
12-12-2019,7233.84,23
13-12-2019,7212.01,22
14-12-2019,7199.39,27
15-12-2019,7261.72,21
16-12-2019,7080.29,24
17-12-2019,7132.39,23
18-12-2019,6897.33,15
19-12-2019,6635.84,21
20-12-2019,7294.53,23
21-12-2019,7159.26,23
22-12-2019,7203.41,20
23-12-2019,7159.47,33
24-12-2019,7517.58,25
25-12-2019,7326.6,22
26-12-2019,7260.91,39
27-12-2019,7202.72,38
28-12-2019,7207.23,37
29-12-2019,7253.82,37
30-12-2019,7316.23,40
31-12-2019,7399.49,38
01-01-2020,7234.44,37
02-01-2020,7183.88,39
03-01-2020,7189.94,38
04-01-2020,6965.72,38
05-01-2020,7339.7,39
06-01-2020,7357.5,41
07-01-2020,7359.96,40
08-01-2020,7762.69,51
09-01-2020,8160.36,44
10-01-2020,8045.15,41
11-01-2020,7817.35,50
12-01-2020,8190.31,45
13-01-2020,8024.58,49
14-01-2020,8181.49,56
15-01-2020,8106.56,54
16-01-2020,8820.95,55
17-01-2020,8813.21,54
18-01-2020,8719.63,51
19-01-2020,8894.83,53
20-01-2020,8909.28,48
21-01-2020,8702.59,49
22-01-2020,8634.03,52
23-01-2020,8724.84,49
24-01-2020,8667.26,40
25-01-2020,8394.28,41
26-01-2020,8431.78,42
27-01-2020,8345.88,50
28-01-2020,8602.37,54
29-01-2020,8898.94,57
30-01-2020,9391.97,57
31-01-2020,9286.18,55
01-02-2020,9501.38,57
02-02-2020,9342.23,57
03-02-2020,9384.45,59
04-02-2020,9334.25,56
05-02-2020,9288.96,53
06-02-2020,9171.98,61
07-02-2020,9611.42,56
08-02-2020,9755.84,56
09-02-2020,9808.36,56
10-02-2020,9898.25,57
11-02-2020,10157.78,52
12-02-2020,9858.03,61
13-02-2020,10269.43,65
14-02-2020,10347.93,63
15-02-2020,10233.32,64
16-02-2020,10360.37,59
17-02-2020,9905.43,49
18-02-2020,9925.51,53
19-02-2020,9702.48,50
20-02-2020,10182.6,44
21-02-2020,9602.43,44
22-02-2020,9608.8,43
23-02-2020,9697.86,46
24-02-2020,9671.46,46
25-02-2020,9977.39,44
26-02-2020,9664.21,41
27-02-2020,9316.18,39
28-02-2020,8793.5,40
29-02-2020,8821.5,38
01-03-2020,8719.29,39
02-03-2020,8545.45,38
03-03-2020,8549.38,38
04-03-2020,8919.74,40
05-03-2020,8765.68,41
06-03-2020,8773.78,39
07-03-2020,9074.82,38
08-03-2020,9160.39,33
09-03-2020,8903.72,17
10-03-2020,8057.67,16
11-03-2020,7944.4,17
12-03-2020,7894.66,14
13-03-2020,7945.36,10
14-03-2020,4916.78,8
15-03-2020,5632.58,12
16-03-2020,5181.77,9
17-03-2020,5357.02,8
18-03-2020,5045,11
19-03-2020,5337.66,12
20-03-2020,5413.06,9
21-03-2020,6184.88,9
22-03-2020,6206.44,11
23-03-2020,6195.43,10
24-03-2020,5828.15,12
25-03-2020,6503.53,13
26-03-2020,6767.18,14
27-03-2020,6694.21,12
28-03-2020,6757.95,8
29-03-2020,6382.8,12
30-03-2020,6252.49,10
31-03-2020,5882.2,12
01-04-2020,6403.31,12
02-04-2020,6423.61,14
03-04-2020,6663.63,14
04-04-2020,6804.42,12
05-04-2020,6743.68,12
06-04-2020,6875.95,12
07-04-2020,6781.64,20
08-04-2020,7347.22,21
09-04-2020,7201.57,22
10-04-2020,7367.37,15
11-04-2020,7294.55,15
12-04-2020,6876.49,10
13-04-2020,6887.6,11
14-04-2020,6913.76,15
15-04-2020,6859.43,18
16-04-2020,6879.44,13
17-04-2020,6629.54,15
18-04-2020,7114.55,18
19-04-2020,7037.12,16
20-04-2020,7264.29,15
21-04-2020,7132.88,17
22-04-2020,6842.45,19
23-04-2020,6855.11,19
24-04-2020,7135.41,20
25-04-2020,7489.25,24
26-04-2020,7509.44,21
27-04-2020,7546.92,28
28-04-2020,7701.35,26
29-04-2020,7787.41,26
30-04-2020,7760.32,44
01-05-2020,8784.96,40
02-05-2020,8637.56,40
03-05-2020,8829.12,45
04-05-2020,8981.11,44
05-05-2020,8907.19,40
06-05-2020,8881.65,42
07-05-2020,9029.75,49
08-05-2020,9153.2,55
09-05-2020,9999.93,56
10-05-2020,9808.18,48
11-05-2020,9541.13,40
12-05-2020,8735.05,39
13-05-2020,8568.88,41
14-05-2020,8821.18,40
15-05-2020,9317.44,44
16-05-2020,9793.19,41
17-05-2020,9311.69,40
18-05-2020,9387.08,50
19-05-2020,9670.56,50
20-05-2020,9722.73,52
21-05-2020,9780.2,49
22-05-2020,9509.45,42
23-05-2020,9059.11,40
24-05-2020,9170.74,43
25-05-2020,9186.19,41
26-05-2020,8718.49,39
27-05-2020,8901.48,39
28-05-2020,8844.5,41
29-05-2020,9204.62,48
30-05-2020,9579.71,48
31-05-2020,9424.62,51
01-06-2020,9699.78,50
02-06-2020,9450.47,56
03-06-2020,10211.23,48
04-06-2020,9523.75,54
05-06-2020,9666.06,53
06-06-2020,9794.55,54
07-06-2020,9622.02,54
08-06-2020,9671.46,53
09-06-2020,9750.7,52
10-06-2020,9782.58,54
11-06-2020,9779.7,52
12-06-2020,9891.84,38
13-06-2020,9268.13,38
14-06-2020,9464.23,40
15-06-2020,9474.65,37
16-06-2020,9333.7,39
17-06-2020,9429.65,38
18-06-2020,9526.7,40
19-06-2020,9459.13,39
20-06-2020,9380.67,38
21-06-2020,9301.83,37
22-06-2020,9359.18,38
23-06-2020,9292.81,41
24-06-2020,9691.61,50
25-06-2020,9624.3,43
26-06-2020,9292.94,40
27-06-2020,9241.32,43
28-06-2020,9158.07,40
29-06-2020,9007.14,41
30-06-2020,9120.39,44
01-07-2020,9187.07,42
02-07-2020,9136.47,42
03-07-2020,9238.89,41
04-07-2020,9092.8,40
05-07-2020,9066.46,38
06-07-2020,9142.2,40
07-07-2020,9081.44,43
08-07-2020,9347.05,44
09-07-2020,9257.32,44
10-07-2020,9439.2,41
11-07-2020,9238.95,44
12-07-2020,9288.57,41
13-07-2020,9237.13,43
14-07-2020,9300.95,43
15-07-2020,9237.89,44
16-07-2020,9256.07,43
17-07-2020,9193.22,41
18-07-2020,9133.23,44
19-07-2020,9156.79,41
20-07-2020,9177.22,44
21-07-2020,9216.02,44
22-07-2020,9164.42,50
23-07-2020,9392.83,55
24-07-2020,9537.24,53
25-07-2020,9615.21,55
26-07-2020,9550.23,55
27-07-2020,9708.41,58
28-07-2020,9942.01,76
29-07-2020,11042.94,71
30-07-2020,10933.26,76
31-07-2020,11112.04,75
01-08-2020,11113.66,75
02-08-2020,11352.72,80
03-08-2020,11812.42,75
04-08-2020,11063.5,72
05-08-2020,11234.73,75
06-08-2020,11194.18,79
07-08-2020,11752.05,77
08-08-2020,11771.27,77
09-08-2020,11603.82,79
10-08-2020,11770.77,78
11-08-2020,11686.34,84
12-08-2020,11897.41,75
13-08-2020,11389.01,75
14-08-2020,11570.19,78
15-08-2020,11790.68,79
16-08-2020,11774.52,82
17-08-2020,11860.91,83
18-08-2020,11917.97,82
19-08-2020,12301.19,80
20-08-2020,11956.69,75
21-08-2020,11760.37,81
22-08-2020,11863.43,78
23-08-2020,11527.35,76
24-08-2020,11670.42,78
25-08-2020,11651.52,75
26-08-2020,11756.4,76
27-08-2020,11330.56,75
28-08-2020,11466.89,74
29-08-2020,11331.02,79
30-08-2020,11535.21,75
31-08-2020,11480.48,75
01-09-2020,11716.54,75
02-09-2020,11657.81,83
03-09-2020,11926.69,79
04-09-2020,11397.9,40
05-09-2020,10174.62,41
06-09-2020,10467.33,41
07-09-2020,10167.97,41
08-09-2020,10260.37,41
09-09-2020,10379.08,38
10-09-2020,10128.54,38
11-09-2020,10228.85,41
12-09-2020,10345.68,41
13-09-2020,10398.5,38
14-09-2020,10448,39
15-09-2020,10332.36,47
16-09-2020,10678.31,43
17-09-2020,10786.7,48
18-09-2020,10957.1,49
19-09-2020,10945.14,48
20-09-2020,10937.89,52
21-09-2020,11083.61,48
22-09-2020,10921.85,39
23-09-2020,10418.14,43
24-09-2020,10534.73,39
25-09-2020,10238.09,46
26-09-2020,10742.98,45
27-09-2020,10694.12,47
28-09-2020,10734.23,43
29-09-2020,10781.47,45
30-09-2020,10699,49
01-10-2020,10841.29,45
02-10-2020,10779.42,41
03-10-2020,10622.79,40
04-10-2020,10576.64,42
05-10-2020,10552.04,42
06-10-2020,10675.52,47
07-10-2020,10795.11,43
08-10-2020,10603.9,46
09-10-2020,10672.67,48
10-10-2020,10929.4,53
11-10-2020,11058.78,55
12-10-2020,11301.57,52
13-10-2020,11375.51,56
14-10-2020,11539.76,53
15-10-2020,11427.29,56
16-10-2020,11429.3,52
17-10-2020,11508.31,56
18-10-2020,11326.25,55
19-10-2020,11367.65,55
20-10-2020,11513.33,56
21-10-2020,11756.88,61
22-10-2020,11921.78,73
23-10-2020,12813.11,74
24-10-2020,12990.25,73
25-10-2020,12937.2,76
26-10-2020,13126.13,75
27-10-2020,13041.21,61
28-10-2020,13069.43,70
29-10-2020,13646.02,67
30-10-2020,13285.97,74
31-10-2020,13462.18,73
01-11-2020,13565.95,72
02-11-2020,13803.41,71
03-11-2020,13761.72,71
04-11-2020,13571.24,74
05-11-2020,14023.78,72
06-11-2020,14157.73,90
07-11-2020,15599.92,88
08-11-2020,15590.62,82
09-11-2020,14838.16,90
10-11-2020,15488.25,90
11-11-2020,15335.03,86
12-11-2020,15313.73,87
13-11-2020,15707.08,89
14-11-2020,16306.53,90
15-11-2020,16332.85,86
16-11-2020,16075.95,90
17-11-2020,15964.7,86
18-11-2020,16721.46,91
19-11-2020,17681.54,94
20-11-2020,17786.27,86
21-11-2020,17824.64,91
22-11-2020,18672.78,94
23-11-2020,18704.06,90
24-11-2020,18430.59,88
25-11-2020,18385.74,94
26-11-2020,19157.16,93
27-11-2020,18725.76,86
28-11-2020,17175.86,87
29-11-2020,17155,89
30-11-2020,17739.9,88
01-12-2020,18199.23,95
02-12-2020,19686.87,92
03-12-2020,18792.03,92
04-12-2020,19226.19,92
05-12-2020,19448.44,93
06-12-2020,18665,95
07-12-2020,19156.84,94
08-12-2020,19378.94,95
09-12-2020,19181.41,86
10-12-2020,18323.52,94
11-12-2020,18549.92,89
12-12-2020,18250.47,90
13-12-2020,18034.86,91
14-12-2020,18814.98,95
15-12-2020,19169.05,91
16-12-2020,19274.69,92
17-12-2020,19441.96,92
18-12-2020,21352.13,95
19-12-2020,22822.17,93
20-12-2020,23135.57,92
21-12-2020,23844.72,92
22-12-2020,23467.06,88
23-12-2020,22727.13,93
24-12-2020,23823.32,86
25-12-2020,23239.5,94
26-12-2020,23724.2,93
27-12-2020,24707.98,91
28-12-2020,26445.7,92
29-12-2020,26249.27,91
30-12-2020,27039.45,91
31-12-2020,27360.78,95
01-01-2021,28889.61,94
02-01-2021,28972.4,94
03-01-2021,29388.94,93
04-01-2021,32203.64,94
05-01-2021,33063.48,93
06-01-2021,32030.55,95
07-01-2021,34038.29,91
08-01-2021,36849.86,93
09-01-2021,39479.41,93
10-01-2021,40636.24,94
11-01-2021,40236.66,90
12-01-2021,38202.08,84
13-01-2021,35496.03,78
14-01-2021,34058.4,83
15-01-2021,37380.85,88
16-01-2021,39155.58,84
17-01-2021,36790.17,79
18-01-2021,36025.26,79
19-01-2021,35839.51,80
20-01-2021,36623.04,78
21-01-2021,35932.79,75
22-01-2021,35501.38,40
23-01-2021,30840.3,74
24-01-2021,33008.02,70
25-01-2021,32107.29,74
26-01-2021,32283.66,71
27-01-2021,32275.27,78
28-01-2021,32516.52,55
29-01-2021,30423.05,77
30-01-2021,33443.87,76
31-01-2021,34252.08,78
01-02-2021,34317.82,77
02-02-2021,33143.22,76
03-02-2021,33535.94,78
04-02-2021,35524.43,80
05-02-2021,37677.34,81
06-02-2021,36983.42,84
07-02-2021,38310.24,86
08-02-2021,39267.01,83
09-02-2021,38868.82,95
10-02-2021,46437.41,92
11-02-2021,46509.57,93
12-02-2021,44854.95,92
13-02-2021,48006.18,92
14-02-2021,47435.54,95
15-02-2021,47222.32,93
16-02-2021,48652.87,95
17-02-2021,47936.51,95
18-02-2021,49184.63,91
19-02-2021,52154.91,93
20-02-2021,51591.61,91
21-02-2021,55933.47,91
22-02-2021,55900.84,94
23-02-2021,57469.95,94
24-02-2021,54121.17,76
25-02-2021,48898.7,79
26-02-2021,49738.17,55
27-02-2021,47082.87,56
28-02-2021,46324.5,55
01-03-2021,46191.39,38
02-03-2021,45261.03,78
03-03-2021,49635.07,78
04-03-2021,48501.21,84
05-03-2021,50392.55,77
06-03-2021,48363.74,77
07-03-2021,48775.37,76
08-03-2021,48892.8,81
09-03-2021,50964.18,81
10-03-2021,52405.02,68
11-03-2021,54928.7,73
12-03-2021,55893.31,70
13-03-2021,57809.41,74
14-03-2021,57256.22,78
15-03-2021,61179.79,76
16-03-2021,58998.89,71
17-03-2021,55665.01,71
18-03-2021,56925.01,72
19-03-2021,58909,71
20-03-2021,57643.32,75
21-03-2021,58060.21,73
22-03-2021,58101.34,70
23-03-2021,57374.95,66
24-03-2021,54095.36,65
25-03-2021,54355.45,60
26-03-2021,52303.02,54
27-03-2021,51336.09,65
28-03-2021,55055.43,74
29-03-2021,55863.73,72
30-03-2021,55781.01,72
31-03-2021,57626.1,76
01-04-2021,58781.54,74
02-04-2021,58793.8,74
03-04-2021,58730.82,73
04-04-2021,58987.8,74
05-04-2021,57074.97,71
06-04-2021,58219.43,75
07-04-2021,59119.56,72
08-04-2021,58010.35,73
09-04-2021,55951.98,70
10-04-2021,58084.46,70
11-04-2021,58106.85,76
12-04-2021,59784.8,74
13-04-2021,59980.45,74
14-04-2021,59845.76,75
15-04-2021,63558.48,79
16-04-2021,62964.27,78
17-04-2021,63233.03,76
18-04-2021,61416.41,79
19-04-2021,60056.07,74
20-04-2021,56246.82,73
21-04-2021,55680.11,73
22-04-2021,56496.06,65
23-04-2021,53803.25,55
24-04-2021,51717.61,37
25-04-2021,51178.03,31
26-04-2021,50115.99,27
27-04-2021,49120.97,50
28-04-2021,54062.29,59
29-04-2021,55073.48,52
30-04-2021,54877.94,51
01-05-2021,53581.58,68
02-05-2021,57757.97,66
03-05-2021,57843.16,61
04-05-2021,56623.51,68
05-05-2021,57195.07,48
06-05-2021,53244.07,65
07-05-2021,57506.88,64
08-05-2021,56441.94,67
09-05-2021,57374.33,73
10-05-2021,58943.13,72
11-05-2021,58294.18,61
12-05-2021,55870.01,68
13-05-2021,56747.52,31
14-05-2021,49504.08,26
15-05-2021,49700.6,27
16-05-2021,49887.96,20
17-05-2021,46775.29,27
18-05-2021,46490.71,21
19-05-2021,43552.14,23
20-05-2021,42886.02,11
21-05-2021,36771.87,19
22-05-2021,40597.4,12
23-05-2021,37350.39,14
24-05-2021,37491.5,10
25-05-2021,34716.84,22
26-05-2021,38837.76,22
27-05-2021,38387.36,27
28-05-2021,39295.08,21
29-05-2021,38538.84,18
30-05-2021,35680.92,10
31-05-2021,34611.58,18
01-06-2021,35662.59,20
02-06-2021,37290.83,23
03-06-2021,36683.51,24
04-06-2021,37576.98,27
05-06-2021,39229.66,24
06-06-2021,36861.5,17
07-06-2021,35538.4,15
08-06-2021,35798.57,13
09-06-2021,33582.86,14
10-06-2021,33409.38,21
11-06-2021,37391.58,21
12-06-2021,36680.78,28
13-06-2021,37339.98,23
14-06-2021,35541.78,28
15-06-2021,39017.37,38
16-06-2021,40526.63,33
17-06-2021,40161.86,26
18-06-2021,38345.41,25
19-06-2021,38082.3,23
20-06-2021,35830.29,21
21-06-2021,35515.38,23
22-06-2021,35602.26,10
23-06-2021,31652.62,14
24-06-2021,32537.58,22
25-06-2021,33678.64,27
26-06-2021,34649.84,20
27-06-2021,31593.86,22
28-06-2021,32307.35,25
29-06-2021,34713.81,25
30-06-2021,34487.11,28
01-07-2021,35901.41,28
02-07-2021,35056.39,21
03-07-2021,33543.11,24
04-07-2021,33804.54,27
05-07-2021,34682.84,29
06-07-2021,35287.97,20
07-07-2021,33702.79,28
08-07-2021,34237.66,20
09-07-2021,33880.79,20
10-07-2021,32874.01,20
11-07-2021,33804.2,20
12-07-2021,33515.13,25
13-07-2021,34249.3,20
14-07-2021,33088.51,21
15-07-2021,32737.47,20
16-07-2021,32820.5,22
17-07-2021,31867.46,15
18-07-2021,31401.76,19
19-07-2021,31546.64,24
20-07-2021,31806.3,19
21-07-2021,30847.55,10
22-07-2021,29795.55,21
23-07-2021,32139.48,23
24-07-2021,32299.47,22
25-07-2021,33637.92,27
26-07-2021,34282.56,26
27-07-2021,35369.93,32
28-07-2021,37269.52,50
29-07-2021,39496.69,50
30-07-2021,40030.01,53
31-07-2021,40030.52,60
01-08-2021,42231.83,60
02-08-2021,41474.72,48
03-08-2021,39870.76,48
04-08-2021,39158.53,42
05-08-2021,38189.3,50
06-08-2021,39738.56,52
07-08-2021,40888.18,69
08-08-2021,42852.18,74
09-08-2021,44617.96,65
10-08-2021,43827.75,71
11-08-2021,46292.61,70
12-08-2021,45601.03,70
13-08-2021,45556.69,70
14-08-2021,44425.52,76
15-08-2021,47832.93,71
16-08-2021,47102.03,72
17-08-2021,47015.94,72
18-08-2021,45927.4,73
19-08-2021,44684.43,70
20-08-2021,44714.54,70
21-08-2021,46761.49,78
22-08-2021,49336.45,76
23-08-2021,48867.87,79
24-08-2021,49289.71,79
25-08-2021,49521.06,73
26-08-2021,47690.54,75
27-08-2021,48996.44,71
28-08-2021,46852.22,78
29-08-2021,49088.1,72
30-08-2021,48918.9,73
31-08-2021,48794.26,73
01-09-2021,46993.31,71
02-09-2021,47159.26,74
03-09-2021,48840.01,74
04-09-2021,49280.77,72
05-09-2021,50019.51,73
06-09-2021,49935.29,79
07-09-2021,51784.16,79
08-09-2021,52693.32,47
09-09-2021,46856.31,45
10-09-2021,46073.45,46
11-09-2021,46392.85,31
12-09-2021,44853.1,32
13-09-2021,45166.12,44
14-09-2021,46049.72,30
15-09-2021,44958.56,49
16-09-2021,47129.01,53
17-09-2021,48148.45,48
18-09-2021,47764.47,50
19-09-2021,47297.98,53
20-09-2021,48312.46,50
21-09-2021,47251.76,27
22-09-2021,42925.46,21
23-09-2021,40709.59,27
24-09-2021,43576.15,33
25-09-2021,44893.87,28
26-09-2021,42848.41,27
27-09-2021,42721.91,26
28-09-2021,43201.79,25
29-09-2021,42187.51,24
30-09-2021,41056.79,20
01-10-2021,41539.43,27
02-10-2021,43829.34,54
03-10-2021,48164.35,49
04-10-2021,47669.02,54
05-10-2021,48234.05,59
06-10-2021,49276.91,68
07-10-2021,51504.27,76
08-10-2021,55343.24,74
09-10-2021,53796.22,72
10-10-2021,53949.29,71
11-10-2021,54968.04,71
12-10-2021,54700.24,78
13-10-2021,57498.8,70
14-10-2021,56010.9,70
15-10-2021,57369,71
16-10-2021,57359.21,78
17-10-2021,61684.96,79
18-10-2021,60877.77,78
19-10-2021,61520.54,75
20-10-2021,62038.16,82
21-10-2021,64283.97,84
22-10-2021,66021.02,75
23-10-2021,62283.96,74
24-10-2021,60693.59,73
25-10-2021,61313.09,72
26-10-2021,60863.56,76
27-10-2021,63089.04,73
28-10-2021,60315.68,66
29-10-2021,58464.42,70
30-10-2021,60610.11,73
31-10-2021,62282.5,74
01-11-2021,61891.91,74
02-11-2021,61349.75,73
03-11-2021,60960.98,76
04-11-2021,63260.05,73
05-11-2021,62929.93,73
06-11-2021,61448.47,71
07-11-2021,61019.66,73
08-11-2021,61529.76,75
09-11-2021,63302.78,84
10-11-2021,67549.14,75
11-11-2021,66939.24,77
12-11-2021,64926.06,74
13-11-2021,64820.8,72
14-11-2021,64156.3,74
15-11-2021,64409.56,72
16-11-2021,65509.06,71
17-11-2021,63614.06,52
18-11-2021,60108.9,54
19-11-2021,60365.6,34
20-11-2021,56930.68,43
21-11-2021,58136.22,49
22-11-2021,59769.66,50
23-11-2021,58700.83,33
24-11-2021,56303.06,42
25-11-2021,57566.6,32
26-11-2021,57175.09,47
27-11-2021,58966.99,21
28-11-2021,53788.22,27
29-11-2021,54805.03,33
30-11-2021,57331.41,40
01-12-2021,57839.55,34
02-12-2021,56975.35,32
03-12-2021,57227.97,31
04-12-2021,56522.76,25
05-12-2021,53663.25,18
06-12-2021,49243.39,16
07-12-2021,49465.5,25
08-12-2021,50552.83,28
09-12-2021,50633.01,29
10-12-2021,50513.04,24
11-12-2021,47593.85,16
12-12-2021,47191.14,27
13-12-2021,49398.4,28
14-12-2021,50109.99,21
15-12-2021,46731.03,28
16-12-2021,48387.69,29
17-12-2021,48885.05,23
18-12-2021,47635.92,24
19-12-2021,46164.14,29
20-12-2021,46861.62,25
21-12-2021,46697.13,27
22-12-2021,46913.54,45
23-12-2021,48917.48,34
24-12-2021,48614.97,41
25-12-2021,50830.2,39
26-12-2021,50840.36,37
27-12-2021,50431.63,40
28-12-2021,50790.88,41
29-12-2021,50714.73,27
30-12-2021,47536.39,22
31-12-2021,46471.7,28
01-01-2022,47129.66,21
02-01-2022,46197.31,29
03-01-2022,47737.35,29
04-01-2022,47306.41,23
05-01-2022,46450.79,24
06-01-2022,45824.54,15
07-01-2022,43432.51,18
08-01-2022,43094.54,10
09-01-2022,41543.79,23
10-01-2022,41686.67,23
11-01-2022,41869.6,21
12-01-2022,41832.59,22
13-01-2022,42743.03,21
14-01-2022,43919.67,21
15-01-2022,42575.61,23
16-01-2022,43089.83,21
17-01-2022,43088.74,22
18-01-2022,43100.36,24
19-01-2022,42224.38,24
20-01-2022,42372.75,24
21-01-2022,41674.8,19
22-01-2022,40697.03,13
23-01-2022,36469.3,11
24-01-2022,35075.92,13
25-01-2022,36288.15,12
26-01-2022,36702.79,23
27-01-2022,36975.99,20
28-01-2022,36829.37,24
29-01-2022,37189.85,24
30-01-2022,37744.7,29
31-01-2022,38184.86,20
01-02-2022,37908.44,26
02-02-2022,38494.66,28
03-02-2022,38721.49,20
04-02-2022,36918.19,20
05-02-2022,37328.64,33
06-02-2022,41590.34,37
07-02-2022,41418.21,45
08-02-2022,42412.41,48
09-02-2022,43861.07,54
10-02-2022,44080.12,50
11-02-2022,44422.91,50
12-02-2022,43531.67,44
13-02-2022,42398.98,44
14-02-2022,42239.01,46
15-02-2022,42069.84,46
16-02-2022,42552.28,51
17-02-2022,44576.33,52
18-02-2022,43896.34,30
19-02-2022,40545.09,25
20-02-2022,39994.66,27
21-02-2022,40107.12,25
22-02-2022,38397.25,20
23-02-2022,37037.39,25
24-02-2022,38267.75,23
25-02-2022,37270.85,27
26-02-2022,38353.62,26
27-02-2022,39239.77,26
28-02-2022,39134.83,20
01-03-2022,37714.96,51
02-03-2022,43189.46,52
03-03-2022,44428.47,39
04-03-2022,43935.37,33
05-03-2022,42474.37,22
06-03-2022,39154.4,22
07-03-2022,39407.02,23
08-03-2022,38428.92,21
09-03-2022,38030.63,22
10-03-2022,38748.52,28
11-03-2022,41962.85,22
12-03-2022,39443.42,22
13-03-2022,38741.03,21
14-03-2022,38805.53,23
15-03-2022,37796.31,21
16-03-2022,39696.28,24
17-03-2022,39314.86,27
18-03-2022,41133.64,25
19-03-2022,40956.79,28
20-03-2022,41790.97,31
21-03-2022,42235.02,30
22-03-2022,41243.16,26
23-03-2022,41043.9,31
24-03-2022,42380.11,40
25-03-2022,42904.1,47
26-03-2022,44006.77,51
27-03-2022,44331.36,49
28-03-2022,44542.31,60
29-03-2022,46842.14,56
30-03-2022,47128.71,55
31-03-2022,47445.3,52
01-04-2022,47056.41,50
02-04-2022,45522.65,52
03-04-2022,46299.75,48
04-04-2022,45822.28,52
05-04-2022,46414.26,53
06-04-2022,46609.36,48
07-04-2022,45501.58,34
08-04-2022,43177.78,37
09-04-2022,43466.21,30
10-04-2022,42273.38,34
11-04-2022,42768.61,32
12-04-2022,42153.77,20
13-04-2022,39536.71,25
14-04-2022,40086.66,28
15-04-2022,41150.33,22
16-04-2022,39951.63,28
17-04-2022,40563.69,28
18-04-2022,40392.55,24
19-04-2022,39688.16,27
20-04-2022,40811.03,27
21-04-2022,41504.44,27
22-04-2022,41375.35,26
23-04-2022,40490.97,24
24-04-2022,39716.04,24
25-04-2022,39445.97,23
26-04-2022,39466.26,27
27-04-2022,40437.52,21
28-04-2022,38117.39,24
29-04-2022,39252.04,23
30-04-2022,39749.75,20
01-05-2022,38594.22,22
02-05-2022,37650.13,28
03-05-2022,38480.53,27
04-05-2022,38513.01,21
05-05-2022,37725.38,27
06-05-2022,39680.21,22
07-05-2022,36546.86,23
08-05-2022,36009.89,18
09-05-2022,35469.21,11
10-05-2022,34033.77,10
11-05-2022,30076.9,12
12-05-2022,31013.12,12
13-05-2022,29017.21,10
14-05-2022,28915.72,9
15-05-2022,29244.83,10
16-05-2022,30050.31,14
17-05-2022,31296.11,8
18-05-2022,29838.5,12
19-05-2022,30415.91,13
20-05-2022,28667.29,13
21-05-2022,30282.48,13
22-05-2022,29166.15,14
23-05-2022,29410.72,10
24-05-2022,30264.29,12
25-05-2022,29075.68,11
26-05-2022,29630.05,12
27-05-2022,29508.27,12
28-05-2022,29188.71,13
29-05-2022,28597.33,14
30-05-2022,29013.53,10
31-05-2022,29452.23,16
01-06-2022,31716.41,17
02-06-2022,31782.16,13
03-06-2022,29789.58,10
04-06-2022,30439.63,14
05-06-2022,29680.3,10
06-06-2022,29845.48,13
07-06-2022,29897.9,15
08-06-2022,31353.78,17
09-06-2022,31111.75,11
10-06-2022,30189.27,13
11-06-2022,30082.94,12
12-06-2022,29067.38,14
13-06-2022,28389.49,11
14-06-2022,26587.35,8
15-06-2022,22471.59,7
16-06-2022,22118.37,7
17-06-2022,22566.73,9
18-06-2022,20372.85,6
19-06-2022,20432.26,6
20-06-2022,18954.25,9
21-06-2022,20553.48,9
22-06-2022,20550.91,11
23-06-2022,20699.21,11
24-06-2022,19956.16,11
25-06-2022,21098.41,14
26-06-2022,21219.46,14
27-06-2022,21474.19,12
28-06-2022,21031.85,10
29-06-2022,20718.16,13
30-06-2022,20251.96,11
01-07-2022,20094.16,11
02-07-2022,19908.49,14
03-07-2022,19249.33,11
04-07-2022,19225.66,14
05-07-2022,19294.21,19
06-07-2022,20212.81,18
07-07-2022,20158.69,18
08-07-2022,20545.04,20
09-07-2022,21611.8,24
10-07-2022,21592.65,24
11-07-2022,21582.17,22
12-07-2022,20846.53,16
13-07-2022,19944.25,15
14-07-2022,19309.71,18
15-07-2022,20230.81,15
16-07-2022,20577.38,21
17-07-2022,20827.27,24
18-07-2022,21199.01,20
19-07-2022,20792.81,30
20-07-2022,22447.39,31
21-07-2022,23399.91,34
22-07-2022,23222.77,33
23-07-2022,23153.54,31
24-07-2022,22686.32,30
25-07-2022,22452.14,30
26-07-2022,22585.4,26
27-07-2022,21305.59,28
28-07-2022,21258.08,32
29-07-2022,22960.19,39
30-07-2022,23855.65,42
31-07-2022,23769.15,39
01-08-2022,23646.03,33
02-08-2022,23308.14,31
03-08-2022,23271.57,34
04-08-2022,22991.49,30
05-08-2022,22825.25,31
06-08-2022,22622.99,31
07-08-2022,23319.22,30
08-08-2022,22956.4,30
09-08-2022,23179.86,42
10-08-2022,23817.72,31
11-08-2022,23156.66,41
12-08-2022,23959.67,42
13-08-2022,23943.36,46
14-08-2022,24412.17,47
15-08-2022,24449.86,45
16-08-2022,24313.71,44
17-08-2022,24101.69,41
18-08-2022,23858.64,30
19-08-2022,23338.03,33
20-08-2022,23201.51,29
21-08-2022,20833.43,27
22-08-2022,21142.06,29
23-08-2022,21514.79,28
24-08-2022,21399.66,25
25-08-2022,21520.62,25
26-08-2022,21369.05,27
27-08-2022,21565.47,28
28-08-2022,20247.99,28
29-08-2022,20038.42,24
30-08-2022,19554.08,27
31-08-2022,20292.37,23
01-09-2022,19813.51,20
02-09-2022,20050.28,25
03-09-2022,20129.93,21
04-09-2022,19957.44,20
05-09-2022,19834.79,23
06-09-2022,20003.46,22
07-09-2022,19793.29,24
08-09-2022,18791.95,20
09-09-2022,19287.52,22
10-09-2022,19321.77,28
11-09-2022,21369.73,26
12-09-2022,21655.13,25
13-09-2022,21836.45,34
14-09-2022,22400.52,27
15-09-2022,20173.77,28
16-09-2022,20233.68,20
17-09-2022,19700.15,22
18-09-2022,19804.02,27
19-09-2022,20118.35,21
20-09-2022,19417.72,23
21-09-2022,19541.28,23
22-09-2022,18879.95,22
23-09-2022,18468.05,20
24-09-2022,19405.96,24
25-09-2022,19291.13,24
26-09-2022,18924.39,21
27-09-2022,18809.94,20
28-09-2022,19230.96,20
29-09-2022,19081.4,22
30-09-2022,19412.67,21
01-10-2022,19593.46,20
02-10-2022,19425.63,24
03-10-2022,19313.96,24
04-10-2022,19058.15,20
05-10-2022,19632.35,25
06-10-2022,20344.58,26
07-10-2022,20160.74,23
08-10-2022,19965.12,24
09-10-2022,19532.81,22
10-10-2022,19419.32,22
11-10-2022,19442.41,24
12-10-2022,19131.36,20
13-10-2022,19058.29,20
14-10-2022,19154.85,24
15-10-2022,19378.91,24
16-10-2022,19182.01,24
17-10-2022,19069.72,20
18-10-2022,19264.26,22
19-10-2022,19550.49,23
20-10-2022,19330.29,23
21-10-2022,19123.89,23
22-10-2022,19043.54,20
23-10-2022,19166.4,23
24-10-2022,19207.57,22
25-10-2022,19572.6,20
26-10-2022,19331.06,33
27-10-2022,20087.18,32
28-10-2022,20776.76,30
29-10-2022,20295.28,34
30-10-2022,20599.89,34
31-10-2022,20820.19,31
01-11-2022,20630.65,30
02-11-2022,20492.56,30
03-11-2022,20480.27,30
04-11-2022,20150.33,30
05-11-2022,20207.99,38
06-11-2022,21150.6,40
07-11-2022,21301.57,33
08-11-2022,20910.59,31
09-11-2022,20593.73,29
10-11-2022,18544.7,22
11-11-2022,15820.02,25
12-11-2022,17559.67,21
13-11-2022,17007.72,22
14-11-2022,16773.9,24
15-11-2022,16307.47,22
16-11-2022,16592.04,23
17-11-2022,16879.14,20
18-11-2022,16648.05,23
19-11-2022,16680.21,23
20-11-2022,16677.95,24
21-11-2022,16683.72,21
22-11-2022,16253.6,22
23-11-2022,15760.19,22
24-11-2022,16198.25,20
25-11-2022,16590.98,20
26-11-2022,16588.46,22
27-11-2022,16508.33,26
28-11-2022,16451.53,28
29-11-2022,16420.87,26
30-11-2022,16207.01,29
01-12-2022,16431.79,27
02-12-2022,17162.35,27
03-12-2022,16978.64,27
04-12-2022,17094.49,26
05-12-2022,16888.31,26
06-12-2022,17111.76,25
07-12-2022,16966.84,29
08-12-2022,17086.52,25
09-12-2022,16837.85,26
10-12-2022,17226.02,27
11-12-2022,17126.85,26
12-12-2022,17129.19,27
13-12-2022,17094.83,27
14-12-2022,17208.66,30
15-12-2022,17775.32,31
16-12-2022,17801.37,29
17-12-2022,17359.21,28
18-12-2022,16658.44,26
19-12-2022,16780.55,29
20-12-2022,16742.74,29
21-12-2022,16442.79,26
22-12-2022,16901.12,28
23-12-2022,16821.13,27
24-12-2022,16816.01,29
25-12-2022,16780.97,29
26-12-2022,16837.16,28
27-12-2022,16829.1,27
28-12-2022,16916.07,28
29-12-2022,16700.54,28
30-12-2022,16540.47,28
31-12-2022,16631.24,25
01-01-2023,16599.47,26
02-01-2023,16531.31,27
03-01-2023,16613.87,26
04-01-2023,16670.08,29
05-01-2023,16670.16,29
06-01-2023,16846.82,26
07-01-2023,16825.87,25
08-01-2023,16946.16,25
09-01-2023,16942.73,25
10-01-2023,17115.81,26
11-01-2023,17179.03,26
12-01-2023,17442.44,30
13-01-2023,17938,31
14-01-2023,18849,46
15-01-2023,19932.05,52
16-01-2023,20954.52,45
17-01-2023,20878.94,51
18-01-2023,21188.92,52
19-01-2023,21136.12,45
20-01-2023,20678.47,51
21-01-2023,21082.28,53
22-01-2023,22676.2,53
23-01-2023,22789.92,50
24-01-2023,22714.99,52
25-01-2023,22917.47,51
26-01-2023,22637.8,54
27-01-2023,23066.28,55
28-01-2023,23009.15,52
29-01-2023,23077.75,55
30-01-2023,23031.02,61
31-01-2023,23747.26,51
01-02-2023,22833.34,56
02-02-2023,23129.7,60
03-02-2023,23730.52,60
04-02-2023,23470.8,58
05-02-2023,23437.21,58
06-02-2023,23332.1,56
07-02-2023,22940.79,54
08-02-2023,22761.44,58
09-02-2023,23252.78,55
10-02-2023,22961.13,48
11-02-2023,21807.55,49
12-02-2023,21634.86,50
13-02-2023,21862.19,48
14-02-2023,21790.14,50
15-02-2023,21787.77,53
16-02-2023,22208.56,62
17-02-2023,24332.21,61
18-02-2023,23533.22,60
19-02-2023,24578.28,60
20-02-2023,24638.27,58
21-02-2023,24287.53,60
22-02-2023,24838.09,59
23-02-2023,24450.5,56
24-02-2023,24186.92,53
25-02-2023,23941.1,52
26-02-2023,23190.14,51
27-02-2023,23168.68,50
28-02-2023,23557.29,53
01-03-2023,23492.86,50
02-03-2023,23137.23,51
03-03-2023,23642.8,50
04-03-2023,23467.23,50
05-03-2023,22360.92,47
06-03-2023,22353.23,48
07-03-2023,22434.09,49
08-03-2023,22410.79,50
09-03-2023,22201.44,44
10-03-2023,21704.74,34
11-03-2023,20370.48,33
12-03-2023,20206.71,33
13-03-2023,20613.6,49
14-03-2023,22183.71,56
15-03-2023,24207.1,50
16-03-2023,24757.56,52
17-03-2023,24372.11,51
18-03-2023,25049.83,64
19-03-2023,27441.41,63
20-03-2023,26973.46,66
21-03-2023,28040.29,68
22-03-2023,27807.05,62
23-03-2023,28188.11,57
24-03-2023,27316.18,61
25-03-2023,28345.7,64
26-03-2023,27493.01,64
27-03-2023,27492.83,64
28-03-2023,27995.16,59
29-03-2023,27146.01,57
30-03-2023,27266.08,60
31-03-2023,28355.7,63
01-04-2023,28040.71,61
02-04-2023,28474.62,63
03-04-2023,28468.49,63
04-04-2023,28187.85,62
05-04-2023,27809.04,62
06-04-2023,28177.23,63
07-04-2023,28180.06,64
08-04-2023,28043.49,61
09-04-2023,27927.8,61
10-04-2023,27953.93,62
11-04-2023,28340.68,68
12-04-2023,29655.75,65
13-04-2023,30226.45,61
14-04-2023,29905.56,68
15-04-2023,30407.76,68
16-04-2023,30491.71,68
17-04-2023,30321.55,69
18-04-2023,30322.37,58
19-04-2023,29446.34,63
20-04-2023,30395.53,52
21-04-2023,28821.91,50
22-04-2023,28248.11,53
23-04-2023,27261.17,56
24-04-2023,27820.73,53
25-04-2023,27596.85,53
26-04-2023,27520.93,56
27-04-2023,28308.07,59
28-04-2023,28432.89,64
29-04-2023,29483.94,64
30-04-2023,29339.99,60
01-05-2023,29251.2,63
02-05-2023,29236.81,55
03-05-2023,28086.77,64
04-05-2023,28694.7,64
05-05-2023,29041.65,61
06-05-2023,28865.72,60
07-05-2023,29548.51,64
08-05-2023,28943.98,60
09-05-2023,28572.81,51
10-05-2023,27783.42,52
11-05-2023,27680.21,52
12-05-2023,27628.73,49
13-05-2023,26991.62,48
14-05-2023,26807.09,48
15-05-2023,26788.88,50
16-05-2023,26931.44,54
17-05-2023,27176.27,50
18-05-2023,27036.57,51
19-05-2023,27406.21,48
20-05-2023,26823.31,48
21-05-2023,26888.42,52
22-05-2023,27118.54,49
23-05-2023,26755.17,50
24-05-2023,26855.4,50
25-05-2023,27224.7,51
26-05-2023,26326.17,49
27-05-2023,26480.21,48
28-05-2023,26719.7,50
29-05-2023,26872.59,52
30-05-2023,28077.57,51
31-05-2023,27746.07,51
01-06-2023,27703.56,52
02-06-2023,27220.17,50
03-06-2023,26825.73,53
04-06-2023,27251.14,52
05-06-2023,27078.3,53
06-06-2023,27125.24,44
07-06-2023,25740.46,53
08-06-2023,27269.02,50
09-06-2023,26348.91,50
10-06-2023,26509.09,49
11-06-2023,26483.81,47
12-06-2023,25856.18,47
13-06-2023,25937.58,45
14-06-2023,25905.64,46
15-06-2023,25928.94,41
16-06-2023,25125.73,47
17-06-2023,25574.36,47
18-06-2023,26330.59,49
19-06-2023,26510.43,47
20-06-2023,26338,49
21-06-2023,26842.09,59
22-06-2023,28319.35,65
23-06-2023,30000.55,65
24-06-2023,29892.81,62
25-06-2023,30705.39,64
26-06-2023,30548.2,55
27-06-2023,30473.64,59
28-06-2023,30271.91,62
29-06-2023,30696.99,54
30-06-2023,30078.9,56
01-07-2023,30447.17,59
02-07-2023,30471.06,63
03-07-2023,30590.76,62
04-07-2023,30617.66,64
05-07-2023,31160.24,61
06-07-2023,30774.39,56
07-07-2023,30503.07,55
08-07-2023,29907.98,58
09-07-2023,30349.69,55
10-07-2023,30294.36,56
11-07-2023,30171.49,57
12-07-2023,30421.04,64
13-07-2023,30626.62,57
14-07-2023,30385.22,60
15-07-2023,31475.78,56
16-07-2023,30331.09,57
17-07-2023,30298.45,54
18-07-2023,30248.17,56
19-07-2023,30147.68,50
20-07-2023,29863.79,56
21-07-2023,29918.6,50
22-07-2023,29809.61,52
23-07-2023,29911.46,54
24-07-2023,29791.61,55
25-07-2023,30085.68,50
26-07-2023,29181.04,51
27-07-2023,29226.63,51
28-07-2023,29352.06,52
29-07-2023,29217.05,52
30-07-2023,29316.82,52
31-07-2023,29358.76,50
01-08-2023,29283.34,53
02-08-2023,29231.47,53
03-08-2023,29699.74,52
04-08-2023,29163.69,54
05-08-2023,29177.75,50
06-08-2023,29078.51,49
07-08-2023,29050.34,49
08-08-2023,29046.16,54
09-08-2023,29182.16,50
10-08-2023,29770.51,53
11-08-2023,29566.47,51
12-08-2023,29428.1,54
13-08-2023,29403.56,54
14-08-2023,29417.08,50
15-08-2023,29281.55,53
16-08-2023,29409.22,52
17-08-2023,29171.23,50
18-08-2023,28702.8,37
19-08-2023,26629.67,39
20-08-2023,26049.69,37
21-08-2023,26095.8,38
22-08-2023,26191.01,37
23-08-2023,26126.18,37
24-08-2023,26043.01,41
25-08-2023,26429.4,39
26-08-2023,26166.22,38
27-08-2023,26051.29,38
28-08-2023,26010.35,39
29-08-2023,26091.32,39
30-08-2023,26106,49
31-08-2023,27724.41,52
01-09-2023,27305.41,40
02-09-2023,25937.29,39
03-09-2023,25798.79,40
04-09-2023,25868.56,40
05-09-2023,25971.37,40
06-09-2023,25816.24,42
07-09-2023,25785.01,41
08-09-2023,25751.71,46
09-09-2023,26264.75,41
10-09-2023,25907.13,40
11-09-2023,25898.41,40
12-09-2023,25833.67,30
13-09-2023,25157.07,41
14-09-2023,25840.34,45
15-09-2023,26227.49,45
16-09-2023,26533.66,43
17-09-2023,26605.49,46
18-09-2023,26569.13,46
19-09-2023,26533.12,46
20-09-2023,26767.82,47
21-09-2023,27219.02,47
22-09-2023,27126.4,43
23-09-2023,26567.47,47
24-09-2023,26583.16,44
25-09-2023,26585.41,47
26-09-2023,26261.44,46
27-09-2023,26297.93,44
28-09-2023,26212.59,46
29-09-2023,26360.2,48
30-09-2023,27027.2,47
01-10-2023,26909.4,48
02-10-2023,26964.27,50
03-10-2023,27994.51,50
04-10-2023,27507.22,49
05-10-2023,27428.66,48
06-10-2023,27789.8,50
07-10-2023,27414.59,49
08-10-2023,27946.61,50
09-10-2023,27973.69,50
10-10-2023,27933.57,50
11-10-2023,27598.77,47
12-10-2023,27395.4,45
13-10-2023,26871.21,44
14-10-2023,26756.23,47
15-10-2023,26862.9,45
16-10-2023,26854.52,47
17-10-2023,27177.41,52
18-10-2023,28518.37,50
19-10-2023,28409.46,52
20-10-2023,28328.07,53
21-10-2023,28733.78,63
22-10-2023,29684.37,53
23-10-2023,29924.08,53
24-10-2023,30001.44,66
25-10-2023,33084.08,72
26-10-2023,33923.52,71
27-10-2023,34503.4,70
28-10-2023,34157.06,65
29-10-2023,33907.7,72
30-10-2023,34090.05,68
31-10-2023,34535.38,66
01-11-2023,34494.56,66
02-11-2023,34657.73,72
03-11-2023,35439.76,65
04-11-2023,34947.15,68
05-11-2023,34732.28,70
06-11-2023,35086.09,74
07-11-2023,35039.47,68
08-11-2023,35054.59,66
09-11-2023,35421.85,69
10-11-2023,35638.33,70
11-11-2023,36704.14,70
12-11-2023,37321.51,73
13-11-2023,37142.22,72
14-11-2023,37079.76,69
15-11-2023,36482.51,60
16-11-2023,35551.21,70
17-11-2023,37884.19,63
18-11-2023,36162.42,69
19-11-2023,36626.32,66
20-11-2023,36591.19,69
21-11-2023,37388.64,71
22-11-2023,37476.66,62
23-11-2023,35758.72,66
24-11-2023,37424.2,66
25-11-2023,37299.18,73
26-11-2023,37737.05,73
27-11-2023,37801.92,66
28-11-2023,37460.21,68
29-11-2023,37246.29,72
30-11-2023,37836.63,74
01-12-2023,37861.9,71
02-12-2023,37729.58,74
03-12-2023,38699.84,73
04-12-2023,39469.35,74
05-12-2023,39980.93,75
06-12-2023,41984.41,72
07-12-2023,44089.06,72
08-12-2023,43771.01,72
09-12-2023,43285.02,73
10-12-2023,44186.18,74
11-12-2023,43723,74
12-12-2023,43791.67,67
13-12-2023,41235.58,65
14-12-2023,41472.94,72
15-12-2023,42887.55,70
16-12-2023,43030.6,67
17-12-2023,41939.16,73
18-12-2023,42243.26,65
19-12-2023,41349.42,73
20-12-2023,42650.27,74
21-12-2023,42268.08,70
22-12-2023,43669.91,74
23-12-2023,43875.01,70
24-12-2023,44008.04,71
25-12-2023,43732.75,73
26-12-2023,43023.12,71
27-12-2023,43593.79,73
28-12-2023,42517.32,73
29-12-2023,43469.34,65
30-12-2023,42588.94,68
31-12-2023,42073.59,67
01-01-2024,42146.03,65
02-01-2024,42280.14,71
03-01-2024,44197.61,70
04-01-2024,44970.34,68
05-01-2024,42854.08,72
06-01-2024,44194.38,70
07-01-2024,44178.89,71
08-01-2024,43988.33,71
09-01-2024,43950.84,76
10-01-2024,46988.14,73
11-01-2024,46123,76
12-01-2024,46667.48,71
13-01-2024,46353.15,64
14-01-2024,42776.42,60
15-01-2024,42839.19,52
16-01-2024,41704.39,64
17-01-2024,42491.26,60
18-01-2024,43130.88,63
19-01-2024,42739.27,51
20-01-2024,41286.68,52
21-01-2024,41625.47,56
22-01-2024,41677.08,55
23-01-2024,41570.17,50
24-01-2024,39523.63,48
25-01-2024,39876.44,52
26-01-2024,40078.62,49
27-01-2024,39941.74,55
28-01-2024,41816.55,54
29-01-2024,42124.02,55
30-01-2024,42028.92,61
31-01-2024,43302.28,60
01-02-2024,42943.64,63
02-02-2024,42555.08,63
03-02-2024,43073.2,60
04-02-2024,43181.71,60
05-02-2024,42999.52,60
06-02-2024,42570.21,64
07-02-2024,42664.56,62
08-02-2024,43091.51,66
09-02-2024,44339.04,72
10-02-2024,45304.61,74
11-02-2024,47154.23,71
12-02-2024,47768.12,70
13-02-2024,48311.16,79
14-02-2024,49942.97,74
15-02-2024,49733.11,72
16-02-2024,51844.19,72
17-02-2024,51934.57,76
18-02-2024,52163.28,72
19-02-2024,51668.78,75
20-02-2024,52139.33,72
21-02-2024,51781.22,78
22-02-2024,52269.59,74
23-02-2024,51854.36,76
24-02-2024,51263.67,72
25-02-2024,50744.07,74
26-02-2024,51574.61,72
27-02-2024,51727.63,79
28-02-2024,54518.58,82
29-02-2024,57071.6,80
01-03-2024,62507.1,80
02-03-2024,61179.58,80
03-03-2024,62431.25,83
04-03-2024,62038.39,82
05-03-2024,63149.43,90
06-03-2024,68338.64,75
07-03-2024,63804.11,82
08-03-2024,66115.57,81
09-03-2024,66928.15,84
10-03-2024,68269.39,79
11-03-2024,68446.32,82
12-03-2024,69023.53,81
13-03-2024,72095.86,81
14-03-2024,71449.5,88
15-03-2024,73118.09,83
16-03-2024,71366.96,81
17-03-2024,69497.39,79
18-03-2024,65260.55,77
19-03-2024,68364.45,79
20-03-2024,67609.44,74
21-03-2024,61924.02,78
22-03-2024,67857.3,75
23-03-2024,65493.22,73
24-03-2024,63816.99,74
25-03-2024,64004.42,75
26-03-2024,67208.33,81
27-03-2024,69892.26,83
28-03-2024,69990.22,80
29-03-2024,69434.46,79
30-03-2024,70789.57,75
31-03-2024,69903.72,75
01-04-2024,69629.99,79
02-04-2024,71312.91,79
03-04-2024,69686.37,71
04-04-2024,65466.81,70
05-04-2024,65986.11,79
06-04-2024,68523.79,75
07-04-2024,67860.53,78
08-04-2024,68913.79,76
09-04-2024,69357.32,80
10-04-2024,71629.36,78
11-04-2024,69129.48,76
12-04-2024,70628.54,79
13-04-2024,70026.43,72
14-04-2024,67158.3,72
15-04-2024,64021.36,74
